,Unnamed: 0,Region,Country,outcome area,Budget (USD),Expenditure (USD),%gap,%Expenditure,
0,0,Americas,Brazil,Basic needs,13833160,5434075,60.717037900233900,39.28296209976610,
1,1,Americas,Brazil,Womens' empowerment,10821085,4074344,62.34810095290810,37.65189904709190,
2,2,Americas,Brazil,Sustainable housing,7995390,3430418,57.09505102315210,42.904948976847900,
3,3,Americas,Brazil,"Access to territory, registration and documentation",3846521,2350197,38.90071053817200,61.09928946182800,
4,4,Americas,Brazil,Economic inclusion,7246530,2038005,71.87612553870610,28.12387446129390,
5,5,Americas,Brazil,Status determination,3831015,1343356,64.93472356542590,35.06527643457410,
6,6,Americas,Brazil,Local integration,2215510,941198,57.51777243162970,42.48222756837030,
7,7,Americas,Brazil,Gender-based violence,1768643,526202,70.24826378189380,29.751736218106200,
8,8,Americas,Brazil,Resettlement,915508,449605,50.89010691332030,49.10989308667980,
10,10,Americas,Colombia,Basic needs,42550547,30558028,28.18417116940940,71.81582883059060,
11,11,Americas,Colombia,Womens' empowerment,13010274,8523838,34.4837933467043,65.5162066532957,
12,12,Americas,Colombia,Protection policy,9314733,5865903,37.025537930072700,62.974462069927300,
13,13,Americas,Colombia,Economic inclusion,9551678,4028936,57.81959986507080,42.18040013492920,
14,14,Americas,Colombia,Access to justice,9748769,2855292,70.71125595446980,29.28874404553030,
15,15,Americas,Colombia,Local integration,5571336,2260328,59.429336159226400,40.570663840773600,
16,16,Americas,Colombia,Status determination,15203359,1324459,91.28837910096050,8.711620899039480,
17,17,Americas,Colombia,"Access to territory, registration and documentation",14657036,1185199,91.91378802644680,8.08621197355318,
18,18,Americas,Colombia,Resettlement,2463713,868409,64.75202265848340,35.247977341516600,
20,22,Americas,Costa Rica,Basic needs,12158063,6382536,47.50367718936810,52.49632281063190,
21,23,Americas,Costa Rica,Economic inclusion,7605212,1956773,74.27063177200060,25.729368227999400,
22,24,Americas,Costa Rica,Status determination,3987803,1765468,55.72830453259600,44.27169546740400,
23,25,Americas,Costa Rica,Womens' empowerment,3165960,1647023,47.97713805607150,52.02286194392860,
24,26,Americas,Costa Rica,Resettlement,951241,736537,22.57093628218300,77.42906371781700,
25,27,Americas,Costa Rica,Access to justice,907437,680426,25.01672292401570,74.98327707598430,
26,28,Americas,Costa Rica,Systems and processes,1324793,663100,49.94689736434300,50.05310263565700,
27,29,Americas,Costa Rica,"Access to territory, registration and documentation",2529335,333733,86.80550421355810,13.19449578644190,
28,30,Americas,Costa Rica,Local integration,485576,288294,40.62844951150800,59.37155048849200,
29,31,Americas,Costa Rica,Resource mobilization,585076,204797,64.99651327348930,35.003486726510700,
30,32,Americas,Costa Rica,Operational support and supply chain,201523,94009,53.350734159376300,46.64926584062370,
32,34,Americas,Ecuador,"Access to territory, registration and documentation",4685565,3550281,24.22939389379940,75.77060610620070,
33,35,Americas,Ecuador,Economic inclusion,11457759,2810415,75.47151236118690,24.52848763881310,
34,36,Americas,Ecuador,Basic needs,20969779,2728071,86.99046375262230,13.009536247377700,
35,37,Americas,Ecuador,Womens' empowerment,4205129,2196257,47.77194706749780,52.22805293250220,
36,38,Americas,Ecuador,Local integration,5691564,1854279,67.420571920126,32.579428079874,
37,39,Americas,Ecuador,Access to justice,2231080,1830670,17.94691360238090,82.0530863976191,
38,40,Americas,Ecuador,Sustainable housing,4980809,1779261,64.27767055512470,35.72232944487530,
39,41,Americas,Ecuador,Status determination,2500160,1725532,30.98313707922690,69.01686292077310,
40,42,Americas,Ecuador,Resource mobilization,3391312,1612335,52.45689573828650,47.54310426171350,
41,43,Americas,Ecuador,Education,3367694,1597877,52.552785377768900,47.447214622231100,
42,44,Americas,Ecuador,Gender-based violence,3856214,1339065,65.27513773872510,34.72486226127490,
43,45,Americas,Ecuador,Healthy lives,3467694,1093732,68.45938540136470,31.54061459863530,
44,46,Americas,Ecuador,Child protection,2830809,883266,68.79810683094480,31.201893169055200,
45,47,Americas,Ecuador,Resettlement,1637656,745615,54.47059699961410,45.52940300038590,
46,48,Americas,Ecuador,Protection policy,835080,439344,47.38899267136080,52.61100732863920,
48,50,Americas,Mexico,Basic needs,22393571,14759124,34.09213742640690,65.9078625735931,
49,51,Americas,Mexico,Economic inclusion,30656644,12774911,58.32906237225450,41.67093762774560,
50,52,Americas,Mexico,Status determination,15577857,12754312,18.125375011466600,81.87462498853340,
51,53,Americas,Mexico,Local integration,12431933,6704096,46.07358324727140,53.926416752728600,
52,54,Americas,Mexico,Child protection,3992857,3959247,0.8417531607067320,99.15824683929330,
53,55,Americas,Mexico,Protection policy,3427857,2859200,16.5892859591284,83.4107140408716,
54,56,Americas,Mexico,Gender-based violence,2727857,2815710,-3.2205867096405700,103.22058670964100,
55,57,Americas,Mexico,Resettlement,1528571,1577669,-3.2120195921550300,103.21201959215500,
56,58,Americas,Mexico,Resource mobilization,2221644,1162513,47.67329959255400,52.32670040744600,
57,59,Americas,Mexico,Systems and processes,705000,495768,29.678297872340400,70.32170212765960,
58,60,Americas,Mexico,Womens' empowerment,724623,444058,38.71875444196500,61.281245558035,
59,61,Americas,Mexico,Access to justice,215000,241856,-12.491162790697700,112.49116279069800,
61,64,Americas,Peru,Basic needs,27035249,7917871,70.71278685097370,29.287213149026300,
62,65,Americas,Peru,Economic inclusion,12464633,3039877,75.61198151602220,24.388018483977800,
63,66,Americas,Peru,Womens' empowerment,2937993,2351767,19.953281032323800,80.04671896767620,
64,67,Americas,Peru,"Access to territory, registration and documentation",3422334,2253469,34.154030553417600,65.84596944658240,
65,68,Americas,Peru,Resource mobilization,2468372,1666454,32.48772875401280,67.51227124598720,
66,69,Americas,Peru,Child protection,4452286,1350379,69.66998526150390,30.330014738496100,
67,70,Americas,Peru,Gender-based violence,4546309,986827,78.29388631525050,21.70611368474950,
68,71,Americas,Peru,Status determination,2687132,664889,75.25655606051360,24.74344393948640,
69,72,Americas,Peru,Resettlement,1100617,633523,42.439286327578100,57.560713672421900,
71,75,Americas,Venezuela,Sustainable housing,18472168,4895230,73.49942897877500,26.50057102122500,
72,76,Americas,Venezuela,Operational support and supply chain,9515639,3765002,60.433534731613900,39.566465268386100,
73,77,Americas,Venezuela,"Access to territory, registration and documentation",5614979,3303672,41.163234982713200,58.836765017286800,
74,78,Americas,Venezuela,Basic needs,8374300,3019066,63.94843748134170,36.05156251865830,
75,79,Americas,Venezuela,Gender-based violence,7659979,2365882,69.11372733528380,30.88627266471620,
76,80,Americas,Venezuela,Womens' empowerment,6947504,1839472,73.52326821258400,26.476731787416000,
77,81,Americas,Venezuela,"Clean water, sanitation and hygiene",4574120,1194181,73.89266132064750,26.10733867935250,
99,103,Asia and the Pacific,Afghanistan,Basic needs,165532209,90029576,45.61204943504380,54.38795056495620,
100,104,Asia and the Pacific,Afghanistan,Sustainable housing,42880406,38347356,10.571378451967100,89.42862154803290,
101,105,Asia and the Pacific,Afghanistan,Womens' empowerment,51674094,20349563,60.61941018259560,39.38058981740440,
102,106,Asia and the Pacific,Afghanistan,Economic inclusion,23702880,18942498,20.08355946619150,79.91644053380860,
103,107,Asia and the Pacific,Afghanistan,Education,5742236,7888008,-37.3682307728209,137.3682307728210,
104,108,Asia and the Pacific,Afghanistan,Healthy lives,4149578,7107118,-71.27327164352620,171.27327164352600,
105,109,Asia and the Pacific,Afghanistan,Operational support and supply chain,6786927,6817598,-0.451912920236213,100.45191292023600,
106,110,Asia and the Pacific,Afghanistan,Systems and processes,2881068,6721904,-133.3129242350410,233.3129242350410,
107,111,Asia and the Pacific,Afghanistan,Sustainable reintegration,13568280,5718802,57.85168053725310,42.14831946274690,
108,112,Asia and the Pacific,Afghanistan,"Access to territory, registration and documentation",4163285,4327806,-3.951711208817080,103.95171120881700,
109,113,Asia and the Pacific,Afghanistan,"Clean water, sanitation and hygiene",1301376,3483977,-167.7148648814790,267.7148648814790,
110,114,Asia and the Pacific,Afghanistan,Resource mobilization,2427916,3442222,-41.776816001871600,141.77681600187200,
111,115,Asia and the Pacific,Afghanistan,Local integration,2263210,3083998,-36.26654177031740,136.2665417703170,
112,116,Asia and the Pacific,Afghanistan,Gender-based violence,12794592,1822708,85.7540748466227,14.2459251533773,
113,117,Asia and the Pacific,Afghanistan,Protection policy,477620,925200,-93.71048113563080,193.71048113563100,
115,119,Asia and the Pacific,Bangladesh,Healthy lives,49239829,24829993,49.573356560600600,50.426643439399400,
116,120,Asia and the Pacific,Bangladesh,Basic needs,30672280,24011883,21.714711133309900,78.28528886669010,
117,121,Asia and the Pacific,Bangladesh,Sustainable housing,50177009,18591997,62.94717965353420,37.05282034646590,
118,122,Asia and the Pacific,Bangladesh,"Clean water, sanitation and hygiene",38555112,13564524,64.8178327169689,35.182167283031100,
119,123,Asia and the Pacific,Bangladesh,Education,15696639,7642516,51.31113100071930,48.68886899928070,
120,124,Asia and the Pacific,Bangladesh,Economic inclusion,17954177,6947674,61.303300062152700,38.696699937847300,
121,125,Asia and the Pacific,Bangladesh,Womens' empowerment,13538508,6439439,52.43612516238870,47.56387483761140,
122,126,Asia and the Pacific,Bangladesh,Systems and processes,10042673,5526432,44.97050735396840,55.029492646031600,
123,127,Asia and the Pacific,Bangladesh,Child protection,10719767,4875829,54.51553191407990,45.48446808592020,
124,128,Asia and the Pacific,Bangladesh,"Access to territory, registration and documentation",10713548,4814767,55.05908033454460,44.94091966545540,
125,129,Asia and the Pacific,Bangladesh,Protection policy,4329780,3993643,7.763373658707830,92.23662634129220,
126,130,Asia and the Pacific,Bangladesh,Resettlement,5061375,3763943,25.633982860388700,74.36601713961130,
127,131,Asia and the Pacific,Bangladesh,Sustainable reintegration,5506575,3697063,32.860934428387900,67.13906557161210,
128,132,Asia and the Pacific,Bangladesh,Access to justice,6014073,3498879,41.821806951794600,58.17819304820540,
129,133,Asia and the Pacific,Bangladesh,Gender-based violence,7409593,3400109,54.11206796378700,45.88793203621310,
130,134,Asia and the Pacific,Bangladesh,Operational support and supply chain,5084862,1765470,65.27988370185860,34.72011629814140,
131,135,Asia and the Pacific,Bangladesh,Resource mobilization,2399082,1530808,36.19192674531340,63.80807325468660,
132,136,Asia and the Pacific,Bangladesh,Status determination,1912593,1056304,44.7711039410894,55.22889605891060,
134,138,Asia and the Pacific,Iran,Healthy lives,37491999,33191059,11.471620918372500,88.52837908162750,
135,139,Asia and the Pacific,Iran,Basic needs,27434742,24418078,10.995780459681400,89.00421954031860,
136,140,Asia and the Pacific,Iran,Education,17463424,14010574,19.771895820659200,80.22810417934080,
137,141,Asia and the Pacific,Iran,Resettlement,11377789,8481303,25.457371375053600,74.54262862494640,
138,142,Asia and the Pacific,Iran,Operational support and supply chain,5818022,2380032,59.09207631047120,40.90792368952880,
139,143,Asia and the Pacific,Iran,Economic inclusion,4728427,1141163,75.86590635744190,24.134093642558100,
140,144,Asia and the Pacific,Iran,Protection policy,4820991,767748,84.07489248579810,15.925107514202000,
141,145,Asia and the Pacific,Iran,Resource mobilization,3320991,706044,78.739960451564,21.260039548436000,
142,146,Asia and the Pacific,Iran,Womens' empowerment,2251013,549395,75.59343282335550,24.40656717664450,
143,147,Asia and the Pacific,Iran,Gender-based violence,1920991,547086,71.52063700454610,28.47936299545390,
144,148,Asia and the Pacific,Iran,Sustainable reintegration,1455382,402571,72.33915219509380,27.6608478049062,
145,149,Asia and the Pacific,Iran,Child protection,1310496,234997,82.0680871975191,17.93191280248090,
147,151,Asia and the Pacific,Kazakhstan,Status determination,5027365,2399353,52.27414361201150,47.72585638798850,
148,152,Asia and the Pacific,Kazakhstan,"Access to territory, registration and documentation",1621719,1491746,8.014520394716960,91.98547960528300,
149,153,Asia and the Pacific,Kazakhstan,Protection policy,819974,848387,-3.4651098693373200,103.46510986933700,
150,154,Asia and the Pacific,Kazakhstan,Basic needs,697403,633759,9.12585692920736,90.87414307079260,
151,155,Asia and the Pacific,Kazakhstan,Local integration,452589,513944,-13.556449670672500,113.5564496706730,
152,156,Asia and the Pacific,Kazakhstan,Economic inclusion,132350,104321,21.177937287495300,78.82206271250470,
154,159,Asia and the Pacific,Myanmar,Basic needs,42131449,27875928,33.835819413664100,66.16418058633590,
155,160,Asia and the Pacific,Myanmar,Womens' empowerment,7297246,9118132,-24.953057632975500,124.9530576329760,
156,161,Asia and the Pacific,Myanmar,Access to justice,3354992,3114084,7.180583441033540,92.81941655896650,
157,162,Asia and the Pacific,Myanmar,Local integration,3273320,2616529,20.064979898085100,79.93502010191490,
158,163,Asia and the Pacific,Myanmar,Sustainable reintegration,710526,1069340,-50.499770592490600,150.49977059249100,
160,166,Asia and the Pacific,Pakistan,Basic needs,10159914,47527700,-367.7962825275880,467.7962825275880,
161,167,Asia and the Pacific,Pakistan,Resettlement,19662907,12533912,36.2560581708493,63.7439418291507,
162,168,Asia and the Pacific,Pakistan,Education,39182749,11830809,69.80607715910900,30.193922840891000,
163,169,Asia and the Pacific,Pakistan,Economic inclusion,13729590,6949720,49.381445476521900,50.618554523478100,
164,170,Asia and the Pacific,Pakistan,Sustainable housing,8158533,5808180,28.808524767871900,71.19147523212810,
165,171,Asia and the Pacific,Pakistan,Healthy lives,10306439,5093623,50.57824530858820,49.42175469141190,
166,172,Asia and the Pacific,Pakistan,Gender-based violence,6182785,4865594,21.304169561128200,78.69583043887180,
167,173,Asia and the Pacific,Pakistan,Protection policy,5468203,4844262,11.410348152766100,88.58965184723390,
168,174,Asia and the Pacific,Pakistan,Womens' empowerment,7134923,4586135,35.72271207411770,64.2772879258823,
169,175,Asia and the Pacific,Pakistan,Child protection,4894980,3549992,27.47688448165260,72.52311551834740,
170,176,Asia and the Pacific,Pakistan,"Access to territory, registration and documentation",5621388,3322563,40.89425956721010,59.10574043278990,
171,177,Asia and the Pacific,Pakistan,Sustainable reintegration,7098736,3239144,54.370130118939500,45.629869881060500,
172,178,Asia and the Pacific,Pakistan,Access to justice,2722952,2084486,23.447567199128000,76.552432800872,
173,179,Asia and the Pacific,Pakistan,Status determination,3122736,1694448,45.73835252163490,54.26164747836510,
175,183,Asia and the Pacific,Tajikistan,"Access to territory, registration and documentation",8720412,3168647,63.66402183750030,36.33597816249970,
176,184,Asia and the Pacific,Tajikistan,Local integration,885000,644325,27.19491525423730,72.80508474576270,
177,185,Asia and the Pacific,Tajikistan,Economic inclusion,320000,347261,-8.5190625,108.5190625,
178,186,Asia and the Pacific,Tajikistan,Access to justice,111667,228867,-104.95491058235600,204.9549105823570,
179,187,Asia and the Pacific,Tajikistan,Basic needs,500000,205363,58.9274,41.0726,
180,188,Asia and the Pacific,Tajikistan,Protection policy,127730,134584,-5.3660064197917500,105.36600641979200,
181,189,Asia and the Pacific,Tajikistan,Sustainable reintegration,50000,52201,-4.402000000000000,104.402,
182,190,Asia and the Pacific,Tajikistan,Status determination,86111,37559,56.3830404942458,43.6169595057542,
184,192,Asia and the Pacific,Thailand,Basic needs,3521785,2729274,22.50310566942620,77.49689433057380,
185,193,Asia and the Pacific,Thailand,"Access to territory, registration and documentation",4224380,2149252,49.122664154266400,50.877335845733600,
186,194,Asia and the Pacific,Thailand,Gender-based violence,2136156,1322910,38.0705341744704,61.9294658255296,
187,195,Asia and the Pacific,Thailand,Womens' empowerment,1360006,1079271,20.642188343286700,79.35781165671330,
188,196,Asia and the Pacific,Thailand,Education,2391759,951893,60.201132304718000,39.798867695282000,
189,197,Asia and the Pacific,Thailand,Status determination,1437304,931859,35.16618613737940,64.83381386262060,
190,198,Asia and the Pacific,Thailand,Child protection,1649661,771038,53.26082146574360,46.73917853425640,
191,199,Asia and the Pacific,Thailand,Protection policy,1022194,703116,31.215013979733800,68.78498602026620,
192,200,Asia and the Pacific,Thailand,Healthy lives,1124776,601428,46.529086680370100,53.470913319629900,
193,201,Asia and the Pacific,Thailand,Access to justice,1122570,500891,55.379976304373,44.620023695627,
194,202,Asia and the Pacific,Thailand,Sustainable reintegration,1084020,411582,62.03188133060280,37.96811866939720,
195,203,Asia and the Pacific,Thailand,Local integration,1126081,377119,66.51049080838770,33.48950919161230,
196,204,Asia and the Pacific,Thailand,Resettlement,556800,324736,41.67816091954020,58.32183908045980,
197,205,Asia and the Pacific,Thailand,Operational support and supply chain,377900,298211,21.08732468907120,78.91267531092880,
198,206,Asia and the Pacific,Thailand,Sustainable housing,377900,285878,24.350886477904200,75.64911352209580,
199,207,Asia and the Pacific,Thailand,Resource mobilization,279237,226916,18.737130108116000,81.26286989188400,
200,208,Asia and the Pacific,Thailand,Systems and processes,279237,226574,18.859606714010000,81.14039328599000,
201,209,Asia and the Pacific,Thailand,People and culture,279237,226433,18.9101014550364,81.0898985449636,
202,210,Asia and the Pacific,Thailand,Economic inclusion,222967,39438,82.31218072629580,17.687819273704200,
225,233,East and Horn of Africa and Great Lakes,Burundi,Education,12986913,6943905,46.53151984617130,53.4684801538287,
226,234,East and Horn of Africa and Great Lakes,Burundi,Operational support and supply chain,4865359,6842553,-40.63819339950040,140.63819339950000,
227,235,East and Horn of Africa and Great Lakes,Burundi,Basic needs,21427792,4788672,77.65205113060650,22.347948869393500,
228,236,East and Horn of Africa and Great Lakes,Burundi,Sustainable reintegration,7214928,3651517,49.38941871630600,50.61058128369400,
229,237,East and Horn of Africa and Great Lakes,Burundi,Healthy lives,4270993,2784004,34.816001805669100,65.18399819433090,
230,238,East and Horn of Africa and Great Lakes,Burundi,Sustainable housing,12258783,1849263,84.91479129698270,15.085208703017300,
231,239,East and Horn of Africa and Great Lakes,Burundi,"Access to territory, registration and documentation",4351076,1829958,57.942403212446800,42.057596787553200,
232,240,East and Horn of Africa and Great Lakes,Burundi,Economic inclusion,5546003,1311042,76.36059699210410,23.639403007896000,
233,241,East and Horn of Africa and Great Lakes,Burundi,"Clean water, sanitation and hygiene",3922244,1020622,73.97862040199440,26.021379598005600,
234,242,East and Horn of Africa and Great Lakes,Burundi,Gender-based violence,1831421,783980,57.19280274715650,42.80719725284360,
235,243,East and Horn of Africa and Great Lakes,Burundi,Resettlement,1807846,558232,69.12170616302490,30.87829383697510,
236,244,East and Horn of Africa and Great Lakes,Burundi,Status determination,55777,29951,46.30223927425280,53.697760725747200,
238,248,East and Horn of Africa and Great Lakes,Ethiopia,Basic needs,70919544,46565446,34.34046050831910,65.65953949168090,
239,249,East and Horn of Africa and Great Lakes,Ethiopia,Sustainable housing,48298010,24828676,48.59275568496510,51.40724431503490,
240,250,East and Horn of Africa and Great Lakes,Ethiopia,Healthy lives,38537026,18179896,52.82485991524100,47.17514008475900,
241,251,East and Horn of Africa and Great Lakes,Ethiopia,Economic inclusion,10403593,17152359,-64.86956958043250,164.86956958043200,
242,252,East and Horn of Africa and Great Lakes,Ethiopia,Education,28653525,13449916,53.060169734788300,46.9398302652117,
243,253,East and Horn of Africa and Great Lakes,Ethiopia,"Clean water, sanitation and hygiene",23358891,12545662,46.29170537248540,53.70829462751460,
244,254,East and Horn of Africa and Great Lakes,Ethiopia,Gender-based violence,22647103,7814369,65.49506133301020,34.50493866698980,
245,255,East and Horn of Africa and Great Lakes,Ethiopia,"Access to territory, registration and documentation",14960646,7135601,52.30419194465270,47.69580805534730,
246,256,East and Horn of Africa and Great Lakes,Ethiopia,Womens' empowerment,21164629,6734752,68.17921070102390,31.820789298976100,
247,257,East and Horn of Africa and Great Lakes,Ethiopia,Child protection,15457753,6317046,59.1334781969928,40.8665218030072,
248,258,East and Horn of Africa and Great Lakes,Ethiopia,Protection policy,12343121,5507648,55.37880573316910,44.62119426683090,
249,259,East and Horn of Africa and Great Lakes,Ethiopia,Access to justice,11880175,4788864,59.690290757501500,40.309709242498500,
250,260,East and Horn of Africa and Great Lakes,Ethiopia,Resettlement,6527681,3089604,52.66919446584480,47.33080553415520,
251,261,East and Horn of Africa and Great Lakes,Ethiopia,Status determination,4891496,2225264,54.507496275168200,45.49250372483180,
252,262,East and Horn of Africa and Great Lakes,Ethiopia,Sustainable reintegration,5221613,867113,83.39377123505710,16.60622876494290,
254,265,East and Horn of Africa and Great Lakes,Kenya,Systems and processes,9467913,11570736,-22.209994958762300,122.20999495876200,
255,266,East and Horn of Africa and Great Lakes,Kenya,Basic needs,14318633,9983835,30.27382572065360,69.72617427934640,
256,267,East and Horn of Africa and Great Lakes,Kenya,Education,16560001,8396675,49.295443883125400,50.704556116874600,
257,268,East and Horn of Africa and Great Lakes,Kenya,Healthy lives,14741023,7612156,48.36073452975410,51.63926547024590,
258,269,East and Horn of Africa and Great Lakes,Kenya,"Access to territory, registration and documentation",8267974,6596184,20.220068423050200,79.7799315769498,
259,270,East and Horn of Africa and Great Lakes,Kenya,Sustainable housing,10928523,6492438,40.5918073284011,59.408192671598900,
260,271,East and Horn of Africa and Great Lakes,Kenya,Local integration,11983889,5572299,53.50174722078950,46.49825277921050,
261,272,East and Horn of Africa and Great Lakes,Kenya,Sustainable reintegration,20469004,4839911,76.35492669794780,23.645073302052200,
262,273,East and Horn of Africa and Great Lakes,Kenya,Resettlement,4474507,3309820,26.029392735333700,73.97060726466630,
263,274,East and Horn of Africa and Great Lakes,Kenya,"Clean water, sanitation and hygiene",8428868,2693877,68.03987202077430,31.96012797922570,
264,275,East and Horn of Africa and Great Lakes,Kenya,Womens' empowerment,3759402,2593321,31.017725691479700,68.98227430852040,
265,276,East and Horn of Africa and Great Lakes,Kenya,Gender-based violence,3077885,2491059,19.06588452784950,80.93411547215050,
266,277,East and Horn of Africa and Great Lakes,Kenya,Access to justice,2595314,2487326,4.160883808279080,95.83911619172090,
267,278,East and Horn of Africa and Great Lakes,Kenya,Status determination,3492089,2168227,37.91031671873200,62.08968328126800,
268,279,East and Horn of Africa and Great Lakes,Kenya,Economic inclusion,6088925,2150906,64.67511095965220,35.32488904034790,
269,280,East and Horn of Africa and Great Lakes,Kenya,Child protection,2699032,1972296,26.92580154662860,73.07419845337140,
270,281,East and Horn of Africa and Great Lakes,Kenya,Protection policy,2041865,1699160,16.78392058240870,83.21607941759130,
271,282,East and Horn of Africa and Great Lakes,Kenya,People and culture,1194981,1023443,14.35487258793240,85.64512741206760,
272,283,East and Horn of Africa and Great Lakes,Kenya,Resource mobilization,930089,733311,21.156900038598500,78.84309996140150,
274,285,East and Horn of Africa and Great Lakes,Rwanda,Basic needs,14541792,6018966,58.60918654317160,41.39081345682840,
275,286,East and Horn of Africa and Great Lakes,Rwanda,Healthy lives,12290789,5467000,55.51953580848230,44.480464191517700,
276,287,East and Horn of Africa and Great Lakes,Rwanda,Education,12169818,4329549,64.42388045573070,35.576119544269300,
277,288,East and Horn of Africa and Great Lakes,Rwanda,Operational support and supply chain,5173756,3363799,34.983424034685800,65.01657596531420,
278,289,East and Horn of Africa and Great Lakes,Rwanda,"Clean water, sanitation and hygiene",6911735,2909953,57.89837139300050,42.10162860699960,
279,290,East and Horn of Africa and Great Lakes,Rwanda,Resettlement,3745307,2677038,28.52286875281520,71.47713124718480,
280,291,East and Horn of Africa and Great Lakes,Rwanda,Sustainable housing,9346156,2526099,72.97178647563770,27.028213524362300,
281,292,East and Horn of Africa and Great Lakes,Rwanda,Womens' empowerment,4676811,2498696,46.57265388744600,53.42734611255400,
282,293,East and Horn of Africa and Great Lakes,Rwanda,Local integration,3025250,1991838,34.15955706139990,65.84044293860010,
283,294,East and Horn of Africa and Great Lakes,Rwanda,"Access to territory, registration and documentation",2399684,1598233,33.398189094897500,66.60181090510250,
284,295,East and Horn of Africa and Great Lakes,Rwanda,Economic inclusion,2705965,1561653,42.28849966647760,57.71150033352240,
285,296,East and Horn of Africa and Great Lakes,Rwanda,Status determination,1074648,1239257,-15.317480700657300,115.31748070065700,
286,297,East and Horn of Africa and Great Lakes,Rwanda,Sustainable reintegration,3607811,1223960,66.07471954600730,33.92528045399270,
287,298,East and Horn of Africa and Great Lakes,Rwanda,Access to justice,1642078,1142403,30.429431488638200,69.57056851136180,
288,299,East and Horn of Africa and Great Lakes,Rwanda,Child protection,1495870,1084262,27.516294865195500,72.4837051348045,
289,300,East and Horn of Africa and Great Lakes,Rwanda,Gender-based violence,1978597,746522,62.270133837259400,37.729866162740600,
291,302,East and Horn of Africa and Great Lakes,Somalia,Gender-based violence,21245449,10112397,52.40205561200430,47.59794438799580,
292,303,East and Horn of Africa and Great Lakes,Somalia,Basic needs,36651948,8456915,76.92642421079500,23.073575789205000,
293,304,East and Horn of Africa and Great Lakes,Somalia,Economic inclusion,21720462,7561591,65.18678562177910,34.81321437822090,
294,305,East and Horn of Africa and Great Lakes,Somalia,Sustainable housing,13061451,5192871,60.242770883571800,39.757229116428200,
295,306,East and Horn of Africa and Great Lakes,Somalia,"Access to territory, registration and documentation",5310051,4035661,23.999581171630900,76.00041882836910,
296,307,East and Horn of Africa and Great Lakes,Somalia,Systems and processes,15532637,3694065,76.21739953106480,23.782600468935200,
297,308,East and Horn of Africa and Great Lakes,Somalia,Education,15928698,3427656,78.48125440007710,21.518745599922900,
298,309,East and Horn of Africa and Great Lakes,Somalia,Sustainable reintegration,9731136,3248774,66.61464807397620,33.38535192602390,
299,310,East and Horn of Africa and Great Lakes,Somalia,Womens' empowerment,4095766,2607912,36.326635847848700,63.673364152151300,
300,311,East and Horn of Africa and Great Lakes,Somalia,Local integration,5003167,1982668,60.37174053954230,39.62825946045780,
301,312,East and Horn of Africa and Great Lakes,Somalia,Healthy lives,4832831,1804286,62.666064673066400,37.333935326933600,
302,313,East and Horn of Africa and Great Lakes,Somalia,Access to justice,1419390,638734,54.999401151198800,45.000598848801200,
303,314,East and Horn of Africa and Great Lakes,Somalia,Resettlement,960492,613737,36.101810322209900,63.89818967779010,
304,315,East and Horn of Africa and Great Lakes,Somalia,Status determination,664562,245496,63.05897719099200,36.94102280900800,
305,316,East and Horn of Africa and Great Lakes,Somalia,Protection policy,1334147,226067,83.05531549372000,16.94468450628000,
306,317,East and Horn of Africa and Great Lakes,Somalia,Operational support and supply chain,249942,102291,59.07410519240460,40.92589480759540,
308,319,East and Horn of Africa and Great Lakes,South Sudan,Basic needs,24883913,21178422,14.891110574128800,85.10888942587130,
309,320,East and Horn of Africa and Great Lakes,South Sudan,Operational support and supply chain,24210566,18570139,23.297377682124400,76.7026223178756,
310,321,East and Horn of Africa and Great Lakes,South Sudan,Womens' empowerment,27211210,14797416,45.62014699089090,54.37985300910910,
311,322,East and Horn of Africa and Great Lakes,South Sudan,Healthy lives,17825527,12099851,32.120654833935600,67.87934516606440,
312,323,East and Horn of Africa and Great Lakes,South Sudan,Sustainable reintegration,22143327,9529463,56.964628666685900,43.035371333314100,
313,324,East and Horn of Africa and Great Lakes,South Sudan,Access to justice,13278849,9443787,28.880982079094400,71.11901792090570,
314,325,East and Horn of Africa and Great Lakes,South Sudan,Sustainable housing,35478733,7394269,79.15858776580330,20.841412234196800,
315,326,East and Horn of Africa and Great Lakes,South Sudan,"Access to territory, registration and documentation",8417859,6462964,23.223185372907800,76.77681462709220,
316,327,East and Horn of Africa and Great Lakes,South Sudan,Education,9147412,5969619,34.739804001394100,65.26019599860590,
317,328,East and Horn of Africa and Great Lakes,South Sudan,Protection policy,6916662,4317966,37.57153378320350,62.42846621679650,
318,329,East and Horn of Africa and Great Lakes,South Sudan,"Clean water, sanitation and hygiene",5197983,4015336,22.75203670346750,77.24796329653250,
319,330,East and Horn of Africa and Great Lakes,South Sudan,Gender-based violence,5703894,3964551,30.493957286022500,69.50604271397750,
320,331,East and Horn of Africa and Great Lakes,South Sudan,Economic inclusion,9064471,3782077,58.27581113117360,41.72418886882640,
321,332,East and Horn of Africa and Great Lakes,South Sudan,Child protection,3323703,2772031,16.59811361003070,83.40188638996930,
322,333,East and Horn of Africa and Great Lakes,South Sudan,Resettlement,2410054,2144955,10.999712039647200,89.00028796035280,
324,337,East and Horn of Africa and Great Lakes,Sudan,Sustainable housing,88745905,28236564,68.18268516164210,31.817314838357900,
325,338,East and Horn of Africa and Great Lakes,Sudan,Local integration,59703527,21612681,63.79999292169120,36.200007078308800,
326,339,East and Horn of Africa and Great Lakes,Sudan,Womens' empowerment,36096424,20455108,43.332037544771700,56.66796245522830,
327,340,East and Horn of Africa and Great Lakes,Sudan,Healthy lives,19433609,14837968,23.64790297057020,76.35209702942980,
328,341,East and Horn of Africa and Great Lakes,Sudan,"Access to territory, registration and documentation",24861548,13298956,46.5079326516595,53.4920673483405,
329,342,East and Horn of Africa and Great Lakes,Sudan,Protection policy,11565390,11034614,4.589348046196450,95.41065195380360,
330,343,East and Horn of Africa and Great Lakes,Sudan,"Clean water, sanitation and hygiene",21227678,10937825,48.47375676227990,51.52624323772010,
331,344,East and Horn of Africa and Great Lakes,Sudan,Basic needs,18287061,8654130,52.676211885551200,47.32378811444880,
332,345,East and Horn of Africa and Great Lakes,Sudan,Gender-based violence,20636031,7122843,65.48346433478410,34.516535665215900,
333,346,East and Horn of Africa and Great Lakes,Sudan,Education,13047881,6810106,47.806804798419000,52.19319520158100,
334,347,East and Horn of Africa and Great Lakes,Sudan,Sustainable reintegration,18517895,5721473,69.10300549819510,30.896994501804900,
335,348,East and Horn of Africa and Great Lakes,Sudan,Access to justice,3314535,4011181,-21.01791050630030,121.01791050630000,
336,349,East and Horn of Africa and Great Lakes,Sudan,Child protection,6851134,3133982,54.25601075675940,45.743989243240600,
337,350,East and Horn of Africa and Great Lakes,Sudan,Economic inclusion,2732868,2237054,18.142625256690000,81.85737474331000,
338,351,East and Horn of Africa and Great Lakes,Sudan,Status determination,3238875,471626,85.43858592875610,14.561414071243900,
340,354,East and Horn of Africa and Great Lakes,Uganda,Healthy lives,47633579,33865431,28.904290395647200,71.09570960435290,
341,355,East and Horn of Africa and Great Lakes,Uganda,Basic needs,31170230,30097450,3.441681373541360,96.55831862645860,
342,356,East and Horn of Africa and Great Lakes,Uganda,Education,47701831,23109221,51.554855410057500,48.445144589942500,
343,357,East and Horn of Africa and Great Lakes,Uganda,Operational support and supply chain,21771622,21336285,1.9995616311912800,98.00043836880870,
344,358,East and Horn of Africa and Great Lakes,Uganda,"Access to territory, registration and documentation",16436702,13579262,17.384509374204100,82.61549062579590,
345,359,East and Horn of Africa and Great Lakes,Uganda,Womens' empowerment,25167429,13139557,47.791421205559000,52.20857879444100,
346,360,East and Horn of Africa and Great Lakes,Uganda,Economic inclusion,67958214,11853439,82.55775379853270,17.442246201467300,
347,361,East and Horn of Africa and Great Lakes,Uganda,Local integration,15577183,10375693,33.39172429315360,66.60827570684640,
348,362,East and Horn of Africa and Great Lakes,Uganda,"Clean water, sanitation and hygiene",20256456,9705974,52.084540355924100,47.915459644075900,
349,363,East and Horn of Africa and Great Lakes,Uganda,Child protection,17939918,7547189,57.93074973921290,42.06925026078710,
350,364,East and Horn of Africa and Great Lakes,Uganda,Gender-based violence,12159375,5834311,52.0180025700334,47.98199742996660,
351,365,East and Horn of Africa and Great Lakes,Uganda,Resettlement,4731850,2967066,37.29585680019440,62.70414319980560,
352,366,East and Horn of Africa and Great Lakes,Uganda,Access to justice,7287696,2916472,59.980877358221300,40.019122641778700,
353,367,East and Horn of Africa and Great Lakes,Uganda,Status determination,4832762,1602990,66.83076882329400,33.16923117670600,
354,368,East and Horn of Africa and Great Lakes,Uganda,Sustainable reintegration,2768151,1022481,63.06267252039360,36.937327479606400,
356,371,East and Horn of Africa and Great Lakes,United Republic of Tanzania,Basic needs,15952317,7099681,55.49435859380180,44.50564140619820,
357,372,East and Horn of Africa and Great Lakes,United Republic of Tanzania,Operational support and supply chain,7934140,5461351,31.16644021910380,68.83355978089620,
358,373,East and Horn of Africa and Great Lakes,United Republic of Tanzania,Healthy lives,11847522,4305348,63.66035024032870,36.33964975967130,
359,374,East and Horn of Africa and Great Lakes,United Republic of Tanzania,"Access to territory, registration and documentation",8600942,3881419,54.87216400250110,45.12783599749890,
360,375,East and Horn of Africa and Great Lakes,United Republic of Tanzania,Systems and processes,4074530,3222137,20.92003249454540,79.07996750545460,
361,376,East and Horn of Africa and Great Lakes,United Republic of Tanzania,Sustainable housing,14563819,2841867,80.48680088649820,19.513199113501800,
362,377,East and Horn of Africa and Great Lakes,United Republic of Tanzania,Education,8100829,2797303,65.46892916761980,34.53107083238020,
363,378,East and Horn of Africa and Great Lakes,United Republic of Tanzania,Sustainable reintegration,4554926,2437684,46.482467552711100,53.51753244728890,
364,379,East and Horn of Africa and Great Lakes,United Republic of Tanzania,"Clean water, sanitation and hygiene",7931855,2122416,73.24187091165940,26.75812908834060,
365,380,East and Horn of Africa and Great Lakes,United Republic of Tanzania,Local integration,3267517,1837609,43.76130254257280,56.23869745742720,
366,381,East and Horn of Africa and Great Lakes,United Republic of Tanzania,Womens' empowerment,6048432,1669041,72.40539366235750,27.594606337642600,
367,382,East and Horn of Africa and Great Lakes,United Republic of Tanzania,Resettlement,3348698,1551177,53.6782056787444,46.3217943212556,
368,383,East and Horn of Africa and Great Lakes,United Republic of Tanzania,Child protection,4784189,1248647,73.90055033360930,26.09944966639070,
369,384,East and Horn of Africa and Great Lakes,United Republic of Tanzania,Gender-based violence,5252521,1068896,79.64984813958860,20.35015186041140,
370,385,East and Horn of Africa and Great Lakes,United Republic of Tanzania,Status determination,1928804,959326,50.26316826385680,49.73683173614320,
371,386,East and Horn of Africa and Great Lakes,United Republic of Tanzania,Access to justice,1893378,934743,50.630935819471900,49.369064180528100,
372,387,East and Horn of Africa and Great Lakes,United Republic of Tanzania,Protection policy,1074393,930124,13.427954202977900,86.57204579702210,
373,388,East and Horn of Africa and Great Lakes,United Republic of Tanzania,Economic inclusion,2003523,898029,55.177504825250300,44.822495174749700,
374,389,East and Horn of Africa and Great Lakes,United Republic of Tanzania,Resource mobilization,1367513,668447,51.119514037526500,48.880485962473500,
397,412,Europe,Greece,"Access to territory, registration and documentation",16621882,4279328,74.25485272967290,25.745147270327200,
398,413,Europe,Greece,Womens' empowerment,4856008,3580772,26.260994627686000,73.73900537231410,
399,414,Europe,Greece,Child protection,9478485,3533931,62.716288520792100,37.28371147920790,
400,415,Europe,Greece,Economic inclusion,7026261,3167133,54.92434738760770,45.07565261239230,
401,416,Europe,Greece,Status determination,9263961,2888137,68.82395122345620,31.17604877654390,
402,417,Europe,Greece,Gender-based violence,4824854,2272555,52.898989275115900,47.10101072488410,
403,418,Europe,Greece,Local integration,4821773,2252602,53.282703271182600,46.71729672881740,
404,419,Europe,Greece,Protection policy,3191565,1209854,62.09213974962130,37.90786025037870,
405,420,Europe,Greece,Resettlement,1415210,798183,43.5996777863356,56.4003222136644,
407,422,Europe,Turkiye,Access to justice,131596293,33617341,74.45418846258840,25.545811537411600,
408,423,Europe,Turkiye,"Access to territory, registration and documentation",59435539,23488609,60.480531689970900,39.51946831002910,
409,424,Europe,Turkiye,Education,28168006,5933005,78.93707847122730,21.062921528772700,
410,425,Europe,Turkiye,Systems and processes,7820003,5470642,30.042968014206600,69.95703198579340,
411,426,Europe,Turkiye,Womens' empowerment,42810008,5252034,87.7317612274214,12.268238772578600,
412,427,Europe,Turkiye,Resettlement,7487756,4879252,34.83692577589330,65.16307422410670,
413,428,Europe,Turkiye,Economic inclusion,31868006,3995551,87.4621869972034,12.537813002796600,
414,429,Europe,Turkiye,Resource mobilization,5062503,3253723,35.72896648160010,64.27103351839990,
415,430,Europe,Turkiye,Child protection,8611853,2600820,69.79953094879810,30.20046905120190,
416,431,Europe,Turkiye,Sustainable reintegration,5737756,2582694,54.987733880632100,45.01226611936790,
417,432,Europe,Turkiye,Gender-based violence,7111853,2368357,66.69845397535640,33.30154602464370,
418,433,Europe,Turkiye,Status determination,6378513,1344862,78.91574415541680,21.084255844583200,
419,434,Europe,Turkiye,Operational support and supply chain,3742501,877388,76.55610512862920,23.443894871370800,
420,435,Europe,Turkiye,Protection policy,3539256,533435,84.9280470245724,15.071952975427600,
422,437,Europe,Ukraine,Basic needs,500452350,371085913,25.849900994570200,74.1500990054298,
423,438,Europe,Ukraine,Sustainable housing,169330762,46645671,72.45292559422840,27.54707440577160,
424,439,Europe,Ukraine,"Access to territory, registration and documentation",29354419,23563406,19.72790876903410,80.27209123096590,
425,440,Europe,Ukraine,Womens' empowerment,12880170,9924476,22.94763190237400,77.05236809762600,
426,441,Europe,Ukraine,Gender-based violence,3713605,4257786,-14.653712497694300,114.6537124976940,
427,442,Europe,Ukraine,Child protection,4713605,3272071,30.582409854028900,69.41759014597110,
428,443,Europe,Ukraine,Local integration,4869339,2172432,55.3854845596086,44.61451544039140,
429,444,Europe,Ukraine,Protection policy,2795566,1599249,42.79337350647420,57.20662649352580,
430,445,Europe,Ukraine,Status determination,1190185,1252671,-5.250108176459960,105.25010817646000,
451,466,Middle East and North Africa,Algeria,"Clean water, sanitation and hygiene",11211482,5406354,51.77841787553150,48.22158212446850,
452,467,Middle East and North Africa,Algeria,Basic needs,6538801,3797798,41.91904601470510,58.08095398529490,
453,468,Middle East and North Africa,Algeria,Healthy lives,5494854,2450264,55.40802357988040,44.59197642011960,
454,469,Middle East and North Africa,Algeria,Operational support and supply chain,2590156,1749234,32.466075402408200,67.5339245975918,
455,470,Middle East and North Africa,Algeria,Access to justice,2609317,1435477,44.98648496905510,55.01351503094490,
456,471,Middle East and North Africa,Algeria,Education,4122748,1402924,65.97114351883740,34.02885648116260,
457,472,Middle East and North Africa,Algeria,Economic inclusion,3039970,1320536,56.560887114017600,43.439112885982400,
458,473,Middle East and North Africa,Algeria,Sustainable housing,4838089,544684,88.74175320048890,11.258246799511100,
459,474,Middle East and North Africa,Algeria,Resettlement,776336,527997,31.988597720574600,68.0114022794254,
460,475,Middle East and North Africa,Algeria,"Access to territory, registration and documentation",702459,484413,31.040388122296100,68.95961187770390,
461,476,Middle East and North Africa,Algeria,Womens' empowerment,802308,428091,46.642561210906500,53.35743878909350,
462,477,Middle East and North Africa,Algeria,Gender-based violence,455052,382480,15.948067473607400,84.05193252639260,
463,478,Middle East and North Africa,Algeria,Protection policy,571609,317227,44.50279824145530,55.49720175854470,
464,479,Middle East and North Africa,Algeria,Status determination,415131,301376,27.40219352445370,72.59780647554630,
465,480,Middle East and North Africa,Algeria,Resource mobilization,330480,259349,21.52354151537160,78.47645848462840,
466,481,Middle East and North Africa,Algeria,Child protection,372906,194286,47.89947064407650,52.10052935592350,
467,482,Middle East and North Africa,Algeria,Systems and processes,0,15413,-inf,inf,
469,484,Middle East and North Africa,Egypt,Basic needs,51135334,12192764,76.15589251846870,23.844107481531300,
470,485,Middle East and North Africa,Egypt,Healthy lives,15124596,5537361,63.38837083648380,36.61162916351620,
471,486,Middle East and North Africa,Egypt,Education,17442606,5443127,68.7940723995027,31.20592760049730,
472,487,Middle East and North Africa,Egypt,"Access to territory, registration and documentation",7681652,4945392,35.620723250675800,64.37927674932420,
473,488,Middle East and North Africa,Egypt,Womens' empowerment,5506943,3822546,30.58678835063300,69.41321164936700,
474,489,Middle East and North Africa,Egypt,Child protection,8778720,3365657,61.66118750797380,38.33881249202620,
475,490,Middle East and North Africa,Egypt,Protection policy,3480489,2279593,34.50365738837270,65.49634261162730,
476,491,Middle East and North Africa,Egypt,Access to justice,2149956,1524766,29.079199760367200,70.92080023963280,
477,492,Middle East and North Africa,Egypt,Gender-based violence,2149125,1448055,32.62118303960910,67.37881696039090,
478,493,Middle East and North Africa,Egypt,Status determination,3089182,1262186,59.141740434846500,40.858259565153500,
479,494,Middle East and North Africa,Egypt,Systems and processes,929163,927810,0.14561492439970200,99.85438507560030,
480,495,Middle East and North Africa,Egypt,Economic inclusion,2648586,913483,65.51054034114810,34.48945965885190,
481,496,Middle East and North Africa,Egypt,Resettlement,804148,718574,10.641573441704800,89.35842655829520,
482,497,Middle East and North Africa,Egypt,Sustainable reintegration,5069148,528598,89.57225158941900,10.427748410581000,
484,500,Middle East and North Africa,Iraq,Basic needs,147368707,51893232,64.78680375474830,35.213196245251700,
485,501,Middle East and North Africa,Iraq,Local integration,86677176,24474516,71.7635978357209,28.236402164279100,
486,502,Middle East and North Africa,Iraq,"Access to territory, registration and documentation",20821748,18608652,10.628771417270100,89.37122858272990,
487,503,Middle East and North Africa,Iraq,Womens' empowerment,16793571,14138172,15.811997341125400,84.18800265887460,
488,504,Middle East and North Africa,Iraq,Sustainable housing,33611707,13023698,61.25249455494780,38.74750544505220,
489,505,Middle East and North Africa,Iraq,Child protection,13439812,6412651,52.2861554908655,47.7138445091345,
490,506,Middle East and North Africa,Iraq,Healthy lives,8204857,5673527,30.851604116927300,69.14839588307270,
491,507,Middle East and North Africa,Iraq,Education,6745526,5222030,22.58528096993470,77.41471903006530,
492,508,Middle East and North Africa,Iraq,Gender-based violence,10201665,4321031,57.64386499654710,42.35613500345290,
493,509,Middle East and North Africa,Iraq,Resettlement,2825668,2965579,-4.9514309536718400,104.95143095367200,
494,510,Middle East and North Africa,Iraq,Protection policy,668230,675908,-1.1490055819104200,101.14900558191000,
496,512,Middle East and North Africa,Jordan,Basic needs,187652926,95083909,49.329908663401300,50.67009133659870,
497,513,Middle East and North Africa,Jordan,Healthy lives,55706012,31084333,44.199320891971200,55.800679108028800,
498,514,Middle East and North Africa,Jordan,Sustainable housing,40706019,28039721,31.116523578490900,68.88347642150910,
499,515,Middle East and North Africa,Jordan,Womens' empowerment,17183030,12407033,27.794847590908000,72.205152409092,
500,516,Middle East and North Africa,Jordan,"Access to territory, registration and documentation",18148147,9438997,47.98919691360230,52.01080308639780,
501,517,Middle East and North Africa,Jordan,Child protection,14086033,9125140,35.21852461938720,64.78147538061290,
502,518,Middle East and North Africa,Jordan,Protection policy,24061601,5854226,75.6698400908568,24.330159909143200,
503,519,Middle East and North Africa,Jordan,Access to justice,7957780,2788634,64.95713628675330,35.04286371324670,
504,520,Middle East and North Africa,Jordan,Resettlement,5914103,2529678,57.22634522936110,42.77365477063890,
505,521,Middle East and North Africa,Jordan,Sustainable reintegration,6214103,2494979,59.84973213350340,40.15026786649660,
506,522,Middle East and North Africa,Jordan,Gender-based violence,10602229,2380118,77.55077729409540,22.449222705904600,
507,523,Middle East and North Africa,Jordan,Economic inclusion,11559398,2353997,79.6356436554914,20.364356344508600,
508,524,Middle East and North Africa,Jordan,Status determination,1511612,1199844,20.62486934477900,79.37513065522100,
509,525,Middle East and North Africa,Jordan,Resource mobilization,1130806,824502,27.08722804795870,72.91277195204130,
510,526,Middle East and North Africa,Jordan,Education,5944385,762528,87.17229789120320,12.82770210879680,
512,528,Middle East and North Africa,Lebanon,Basic needs,326768354,139196765,57.40200564219880,42.59799435780120,
513,529,Middle East and North Africa,Lebanon,Healthy lives,82050270,52603976,35.88811346994960,64.11188653005040,
514,530,Middle East and North Africa,Lebanon,"Access to territory, registration and documentation",27865903,30687530,-10.125733230320900,110.12573323032100,
515,531,Middle East and North Africa,Lebanon,Womens' empowerment,25873746,20815072,19.55137845134600,80.44862154865400,
516,532,Middle East and North Africa,Lebanon,Sustainable housing,27022173,14330927,46.96604525476170,53.03395474523830,
517,533,Middle East and North Africa,Lebanon,Operational support and supply chain,14317734,11458275,19.971449392760100,80.02855060724000,
518,534,Middle East and North Africa,Lebanon,Education,8300440,7789077,6.160673410084290,93.83932658991570,
519,535,Middle East and North Africa,Lebanon,Resource mobilization,6403035,6334959,1.0631833185356600,98.93681668146430,
520,536,Middle East and North Africa,Lebanon,Gender-based violence,5255403,4736158,9.880212801948770,90.11978719805120,
521,537,Middle East and North Africa,Lebanon,Child protection,5066309,4670738,7.8078735426520600,92.19212645734790,
522,538,Middle East and North Africa,Lebanon,Status determination,3155109,3207392,-1.6570901353962700,101.65709013539600,
523,539,Middle East and North Africa,Lebanon,Resettlement,2247660,2486656,-10.633102871430700,110.63310287143100,
525,541,Middle East and North Africa,Libya,Basic needs,27425601,13233043,51.7493053297173,48.250694670282700,
526,542,Middle East and North Africa,Libya,Womens' empowerment,5450866,3807872,30.141889380513100,69.8581106194869,
527,543,Middle East and North Africa,Libya,Sustainable housing,7105327,3646848,48.6744522806621,51.325547719337900,
528,544,Middle East and North Africa,Libya,Healthy lives,6216086,3531405,43.18925124266300,56.81074875733700,
529,545,Middle East and North Africa,Libya,Gender-based violence,7594837,3403523,55.18635883824760,44.813641161752400,
530,546,Middle East and North Africa,Libya,"Access to territory, registration and documentation",2952244,2545336,13.783007095619500,86.21699290438050,
531,547,Middle East and North Africa,Libya,Resettlement,2274274,2031724,10.664941867162900,89.33505813283710,
532,548,Middle East and North Africa,Libya,Access to justice,3366086,1616499,51.9768954209726,48.02310457902740,
533,549,Middle East and North Africa,Libya,Protection policy,1616086,1340251,17.068089198223400,82.93191080177660,
534,550,Middle East and North Africa,Libya,Child protection,3730818,1269212,65.98032924683010,34.01967075317000,
535,551,Middle East and North Africa,Libya,Status determination,1481385,887053,40.12002281648590,59.87997718351410,
536,552,Middle East and North Africa,Libya,Education,786388,650631,17.26336108892810,82.73663891107190,
538,554,Middle East and North Africa,Mauritania,"Access to territory, registration and documentation",2899737,3096026,-6.769200103319720,106.76920010332000,
539,555,Middle East and North Africa,Mauritania,Basic needs,4083358,3062257,25.006404042947000,74.99359595705300,
540,556,Middle East and North Africa,Mauritania,Sustainable housing,2800785,2544448,9.152326936912330,90.84767306308770,
541,557,Middle East and North Africa,Mauritania,Healthy lives,4267843,2490489,41.64525264870330,58.354747351296700,
542,558,Middle East and North Africa,Mauritania,Operational support and supply chain,1401469,1701256,-21.39091196451720,121.39091196451700,
543,559,Middle East and North Africa,Mauritania,"Clean water, sanitation and hygiene",2000785,1687085,15.678846052924200,84.32115394707580,
544,560,Middle East and North Africa,Mauritania,Local integration,2079119,1352999,34.924407886224900,65.07559211377510,
545,561,Middle East and North Africa,Mauritania,Education,2186758,1331113,39.12847237783060,60.87152762216940,
546,562,Middle East and North Africa,Mauritania,Economic inclusion,1632379,1010208,38.11437172372350,61.88562827627650,
547,563,Middle East and North Africa,Mauritania,Protection policy,856872,708039,17.369338711032700,82.63066128896730,
548,564,Middle East and North Africa,Mauritania,Status determination,617729,609076,1.4007760684701500,98.59922393152990,
549,565,Middle East and North Africa,Mauritania,Systems and processes,1051785,579229,44.92895411134410,55.07104588865600,
550,566,Middle East and North Africa,Mauritania,Womens' empowerment,2043379,564669,72.36591939136110,27.63408060863890,
551,567,Middle East and North Africa,Mauritania,Child protection,761090,528771,30.52451089884250,69.47548910115760,
552,568,Middle East and North Africa,Mauritania,Access to justice,508868,484162,4.855090121603250,95.14490987839680,
553,569,Middle East and North Africa,Mauritania,Gender-based violence,707531,400093,43.45223036163790,56.54776963836210,
554,570,Middle East and North Africa,Mauritania,Sustainable reintegration,518159,338787,34.61717349307840,65.38282650692160,
555,571,Middle East and North Africa,Mauritania,Resettlement,478159,314705,34.18402665222240,65.81597334777760,
557,574,Middle East and North Africa,Syria,Basic needs,227494363,46890259,79.38838642784310,20.61161357215700,
558,575,Middle East and North Africa,Syria,Sustainable housing,66585872,27344414,58.93360982041360,41.06639017958640,
559,576,Middle East and North Africa,Syria,Womens' empowerment,35945902,17944649,50.078734983476000,49.921265016524000,
560,577,Middle East and North Africa,Syria,Access to justice,44113427,13206520,70.06235765813430,29.93764234186570,
561,578,Middle East and North Africa,Syria,Economic inclusion,21947513,10987544,49.93717967042550,50.06282032957450,
562,579,Middle East and North Africa,Syria,Systems and processes,15508028,10429362,32.74862542162030,67.25137457837970,
563,580,Middle East and North Africa,Syria,Education,13713097,9023465,34.19819753335080,65.80180246664920,
564,581,Middle East and North Africa,Syria,Healthy lives,16527281,5470054,66.9028801531238,33.097119846876200,
565,582,Middle East and North Africa,Syria,Child protection,4817755,4439921,7.842532465847680,92.15746753415230,
566,583,Middle East and North Africa,Syria,Gender-based violence,5501351,4343416,21.04819343466720,78.95180656533280,
567,584,Middle East and North Africa,Syria,"Clean water, sanitation and hygiene",8964483,4191265,53.24588155279010,46.754118447210000,
568,585,Middle East and North Africa,Syria,"Access to territory, registration and documentation",1818713,2019769,-11.05485032547740,111.05485032547700,
569,586,Middle East and North Africa,Syria,Resource mobilization,1188973,767594,35.44058611928110,64.5594138807189,
570,587,Middle East and North Africa,Syria,Protection policy,666744,224812,66.28211127509210,33.717888724907900,
571,588,Middle East and North Africa,Syria,Resettlement,50062,28768,42.53525628221010,57.46474371778990,
572,589,Middle East and North Africa,Syria,Status determination,180292,25081,86.08867836620590,13.911321633794100,
573,590,Middle East and North Africa,Syria,Sustainable reintegration,54994,17181,68.75841000836460,31.24158999163550,
575,592,Middle East and North Africa,Yemen,Basic needs,115703014,67122550,41.98720700568790,58.01279299431210,
576,593,Middle East and North Africa,Yemen,Sustainable housing,68417869,26639126,61.06408108092350,38.935918919076500,
577,594,Middle East and North Africa,Yemen,Operational support and supply chain,26534901,8991614,66.11400962076320,33.885990379236800,
578,595,Middle East and North Africa,Yemen,"Access to territory, registration and documentation",8871835,7723209,12.946881902109300,87.05311809789070,
579,596,Middle East and North Africa,Yemen,Access to justice,7564801,5246028,30.65213480169540,69.34786519830460,
580,597,Middle East and North Africa,Yemen,Womens' empowerment,7485303,5153531,31.15133749428710,68.84866250571290,
581,598,Middle East and North Africa,Yemen,Protection policy,5403849,4809126,11.005544381421500,88.99445561857850,
582,599,Middle East and North Africa,Yemen,Healthy lives,8106133,4572208,43.595694765926,56.404305234074,
583,600,Middle East and North Africa,Yemen,Sustainable reintegration,9555962,3124838,67.29959788454580,32.70040211545420,
584,601,Middle East and North Africa,Yemen,Gender-based violence,7474592,2902226,61.17211481242050,38.82788518757950,
585,602,Middle East and North Africa,Yemen,Child protection,7742926,2803772,63.78924453107260,36.21075546892740,
586,603,Middle East and North Africa,Yemen,Education,2837622,2687853,5.2779757134671200,94.72202428653290,
587,604,Middle East and North Africa,Yemen,Resettlement,4931538,2271156,53.94629423924140,46.05370576075860,
588,605,Middle East and North Africa,Yemen,Resource mobilization,1690813,1657712,1.9576972734418300,98.04230272655820,
589,606,Middle East and North Africa,Yemen,Economic inclusion,7168136,1537579,78.54980709071370,21.45019290928630,
590,607,Middle East and North Africa,Yemen,Status determination,1972615,1091210,44.6820590941466,55.317940905853400,
613,630,Southern Africa,Democratic Republic of the Congo,Womens' empowerment,25067288,16054893,35.95281228667420,64.04718771332580,
614,631,Southern Africa,Democratic Republic of the Congo,Sustainable reintegration,43237373,12230963,71.71205799205240,28.287942007947600,
615,632,Southern Africa,Democratic Republic of the Congo,Sustainable housing,20847357,10009680,51.98585604880270,48.01414395119730,
616,633,Southern Africa,Democratic Republic of the Congo,Economic inclusion,24070031,8892441,63.05596365870900,36.94403634129100,
617,634,Southern Africa,Democratic Republic of the Congo,Basic needs,5325463,8310488,-56.05193388818960,156.05193388819000,
618,635,Southern Africa,Democratic Republic of the Congo,"Access to territory, registration and documentation",22024151,8085959,63.285944597819,36.714055402181000,
619,636,Southern Africa,Democratic Republic of the Congo,Gender-based violence,17749509,6552542,63.08324923241540,36.91675076758460,
620,637,Southern Africa,Democratic Republic of the Congo,Healthy lives,11123167,6433089,42.16495176238930,57.83504823761070,
621,638,Southern Africa,Democratic Republic of the Congo,Local integration,7184543,5866733,18.34229400533900,81.65770599466100,
622,639,Southern Africa,Democratic Republic of the Congo,Access to justice,7139175,5479221,23.251342066835500,76.74865793316450,
623,640,Southern Africa,Democratic Republic of the Congo,Education,6540478,5003002,23.507089237208700,76.49291076279130,
624,641,Southern Africa,Democratic Republic of the Congo,"Clean water, sanitation and hygiene",11861985,3917995,66.97015718701380,33.029842812986200,
625,642,Southern Africa,Democratic Republic of the Congo,Child protection,8858923,3269411,63.09471252882550,36.90528747117450,
626,643,Southern Africa,Democratic Republic of the Congo,Protection policy,4390365,1660329,62.182438134414800,37.81756186558520,
627,644,Southern Africa,Democratic Republic of the Congo,Operational support and supply chain,2031687,1655244,18.5285922487076,81.4714077512924,
628,645,Southern Africa,Democratic Republic of the Congo,Resettlement,1877684,1233269,34.31967253275840,65.68032746724160,
629,646,Southern Africa,Democratic Republic of the Congo,Resource mobilization,1160836,1191000,-2.598472135598830,102.59847213559900,
630,647,Southern Africa,Democratic Republic of the Congo,Status determination,4930971,1148030,76.71797299152640,23.282027008473600,
632,650,Southern Africa,Malawi,Basic needs,5799304,3485564,39.89685658830780,60.10314341169220,
633,651,Southern Africa,Malawi,"Access to territory, registration and documentation",1679034,1505918,10.310452319607600,89.68954768039240,
634,652,Southern Africa,Malawi,Education,2651367,923360,65.17419127567020,34.82580872432980,
635,653,Southern Africa,Malawi,Gender-based violence,1573504,742392,52.819185715447800,47.180814284552200,
636,654,Southern Africa,Malawi,Healthy lives,1600893,737659,53.922029767136200,46.077970232863800,
637,655,Southern Africa,Malawi,"Clean water, sanitation and hygiene",3397819,385432,88.6564881766804,11.343511823319600,
638,656,Southern Africa,Malawi,Economic inclusion,3345771,375213,88.78545483238390,11.214545167616100,
639,657,Southern Africa,Malawi,Protection policy,681855,370556,45.65472131171580,54.34527868828420,
640,658,Southern Africa,Malawi,Sustainable housing,1257589,251653,79.98924926983300,20.01075073016700,
641,659,Southern Africa,Malawi,Resettlement,143215,109124,23.804070802639400,76.19592919736060,
642,660,Southern Africa,Malawi,Womens' empowerment,458671,100638,78.05878287487110,21.941217125128900,
644,663,Southern Africa,Mozambique,Basic needs,10844813,11471272,-5.776577244808190,105.77657724480800,
645,664,Southern Africa,Mozambique,Womens' empowerment,4139959,2967412,28.322671794575700,71.67732820542430,
646,665,Southern Africa,Mozambique,Sustainable housing,2250272,2535463,-12.673623455297800,112.67362345529800,
647,666,Southern Africa,Mozambique,Economic inclusion,3148620,2422973,23.046509264376100,76.95349073562390,
648,667,Southern Africa,Mozambique,Gender-based violence,4952554,2164712,56.290996524217600,43.709003475782400,
649,668,Southern Africa,Mozambique,Child protection,2137204,1884652,11.816934649195900,88.18306535080410,
650,669,Southern Africa,Mozambique,Protection policy,2379329,1698229,28.62571758676500,71.374282413235,
651,670,Southern Africa,Mozambique,Access to justice,1145541,971717,15.173965837975200,84.82603416202480,
652,671,Southern Africa,Mozambique,Resettlement,471474,873166,-85.19918383622430,185.19918383622400,
653,672,Southern Africa,Mozambique,"Access to territory, registration and documentation",1504478,810199,46.14750099370010,53.85249900629990,
654,673,Southern Africa,Mozambique,Healthy lives,1758639,697449,60.3415482085863,39.658451791413700,
655,674,Southern Africa,Mozambique,Education,1005332,581624,42.14607711681320,57.85392288318690,
656,675,Southern Africa,Mozambique,Resource mobilization,675569,476803,29.422013147435700,70.57798685256430,
657,676,Southern Africa,Mozambique,"Clean water, sanitation and hygiene",260181,146061,43.861773150230000,56.138226849770000,
659,679,Southern Africa,Republic of the Congo,Basic needs,15282910,3775755,75.29426660236830,24.705733397631700,
660,680,Southern Africa,Republic of the Congo,Protection policy,7012815,2378993,66.07648996872160,33.923510031278500,
661,681,Southern Africa,Republic of the Congo,Sustainable reintegration,4039621,745579,81.5433428036937,18.456657196306300,
662,682,Southern Africa,Republic of the Congo,Gender-based violence,3491708,698443,79.99709597709770,20.00290402290230,
663,683,Southern Africa,Republic of the Congo,Local integration,1872933,580028,69.03103314427160,30.968966855728400,
664,684,Southern Africa,Republic of the Congo,Economic inclusion,2328789,561773,75.87703308457740,24.122966915422600,
665,685,Southern Africa,Republic of the Congo,Resettlement,739562,517636,30.007761350637300,69.99223864936270,
666,686,Southern Africa,Republic of the Congo,Education,1799885,356776,80.17784469563330,19.822155304366700,
667,687,Southern Africa,Republic of the Congo,Womens' empowerment,837326,100589,87.9868772736067,12.013122726393300,
669,690,Southern Africa,South Africa MOC,Access to justice,3572001,3008582,15.773203870883600,84.22679612911640,
670,691,Southern Africa,South Africa MOC,Basic needs,2808609,2130824,24.132408605113800,75.86759139488620,
671,692,Southern Africa,South Africa MOC,Status determination,5668574,1971056,65.22836254761780,34.7716374523822,
672,693,Southern Africa,South Africa MOC,Healthy lives,2871015,1929219,32.80359036786640,67.19640963213360,
673,694,Southern Africa,South Africa MOC,Sustainable reintegration,2932528,1021565,65.16435648696280,34.83564351303720,
674,695,Southern Africa,South Africa MOC,"Access to territory, registration and documentation",2366103,947632,59.949672520596100,40.0503274794039,
675,696,Southern Africa,South Africa MOC,Resettlement,1815471,815507,55.08014173732330,44.91985826267670,
676,697,Southern Africa,South Africa MOC,Gender-based violence,1921320,750716,60.927070972040100,39.072929027959900,
677,698,Southern Africa,South Africa MOC,Economic inclusion,3416424,749088,78.07391588397690,21.92608411602310,
678,699,Southern Africa,South Africa MOC,"Clean water, sanitation and hygiene",914087,567398,37.9273526480521,62.07264735194790,
679,700,Southern Africa,South Africa MOC,Child protection,783624,382411,51.1996825007912,48.80031749920880,
680,701,Southern Africa,South Africa MOC,Local integration,1332704,368537,72.3466726294811,27.653327370518900,
681,702,Southern Africa,South Africa MOC,Education,2450760,311626,87.28451582366290,12.715484176337100,
683,705,Southern Africa,Zambia,"Access to territory, registration and documentation",7370933,5402882,26.70016129572740,73.29983870427260,
684,706,Southern Africa,Zambia,Basic needs,7839415,4969724,36.60593296821260,63.39406703178750,
685,707,Southern Africa,Zambia,Economic inclusion,6900226,1795296,73.9820695727937,26.0179304272063,
686,708,Southern Africa,Zambia,Protection policy,2336075,1204246,48.45002835953470,51.54997164046530,
708,733,West and Central Africa,Burkina Faso,Resource mobilization,22138245,14560317,-52.04507566696520,152.0450756669650,
709,734,West and Central Africa,Burkina Faso,"Access to territory, registration and documentation",12560950,6297204,-99.46868483218900,199.468684832189,
710,735,West and Central Africa,Burkina Faso,Healthy lives,8858473,3758315,-135.70331385208500,235.7033138520850,
711,736,West and Central Africa,Burkina Faso,Education,8144282,3741907,-117.65057228840800,217.65057228840800,
712,737,West and Central Africa,Burkina Faso,"Clean water, sanitation and hygiene",7664235,2808500,-172.89424959943000,272.8942495994300,
713,738,West and Central Africa,Burkina Faso,Economic inclusion,3572387,2673357,-33.629253406858900,133.62925340685900,
714,739,West and Central Africa,Burkina Faso,Sustainable reintegration,9406986,2166926,-334.1166241948270,434.1166241948270,
715,740,West and Central Africa,Burkina Faso,Resettlement,11091626,2061756,-437.96986646334500,537.9698664633450,
716,741,West and Central Africa,Burkina Faso,Local integration,8170408,2005661,-307.36734672509500,407.3673467250950,
717,742,West and Central Africa,Burkina Faso,Status determination,2174868,1643620,-32.32182621287160,132.3218262128720,
718,743,West and Central Africa,Burkina Faso,Protection policy,4697151,1611374,-191.49973873228700,291.49973873228700,
719,744,West and Central Africa,Burkina Faso,Gender-based violence,2125504,763886,-178.24884865019100,278.24884865019100,
720,745,West and Central Africa,Burkina Faso,Child protection,3099874,711298,-335.8052461837370,435.8052461837370,
721,746,West and Central Africa,Burkina Faso,Womens' empowerment,2320444,524950,-342.0314315649110,442.031431564911,
722,747,West and Central Africa,Burkina Faso,Basic needs,1778392,393866,-351.52209126962000,451.52209126962000,
723,748,West and Central Africa,Burkina Faso,Sustainable housing,2078735,375948,-452.93152244459300,552.9315224445930,
725,750,West and Central Africa,Cameroon,Economic inclusion,42195945,10060239,-319.43282858389300,419.4328285838940,
726,751,West and Central Africa,Cameroon,Systems and processes,6596470,5185344,-27.213739339183700,127.21373933918400,
727,752,West and Central Africa,Cameroon,Operational support and supply chain,6702113,5109131,-31.17911832755900,131.17911832755900,
728,753,West and Central Africa,Cameroon,"Access to territory, registration and documentation",9072912,3596558,-152.26652816387200,252.26652816387200,
729,754,West and Central Africa,Cameroon,Gender-based violence,9606400,2906950,-230.4632002614420,330.4632002614420,
730,755,West and Central Africa,Cameroon,Basic needs,23799772,2669553,-791.5264840218570,891.526484021857,
731,756,West and Central Africa,Cameroon,Sustainable housing,13373683,2385881,-460.534368646215,560.534368646215,
732,757,West and Central Africa,Cameroon,Education,5396969,2367244,-127.98532808616300,227.98532808616300,
733,758,West and Central Africa,Cameroon,Healthy lives,5696296,2366389,-140.71680522517600,240.71680522517600,
734,759,West and Central Africa,Cameroon,Womens' empowerment,3907885,2289334,-70.6996445254384,170.6996445254380,
735,760,West and Central Africa,Cameroon,Resource mobilization,6005995,1003852,-498.2948681678180,598.2948681678180,
736,761,West and Central Africa,Cameroon,Resettlement,1569470,977883,-60.496705638609100,160.49670563860900,
737,762,West and Central Africa,Cameroon,Sustainable reintegration,7636317,913625,-735.8261868928720,835.8261868928720,
738,763,West and Central Africa,Cameroon,Status determination,458113,906166,49.44491406651760,50.55508593348240,
739,764,West and Central Africa,Cameroon,Local integration,855199,831886,-2.802427255657630,102.80242725565800,
740,765,West and Central Africa,Cameroon,Child protection,2078907,768163,-170.63357646749500,270.63357646749500,
741,766,West and Central Africa,Cameroon,"Clean water, sanitation and hygiene",5805184,743525,-680.7651390336570,780.7651390336570,
742,767,West and Central Africa,Cameroon,Protection policy,1126166,683284,-64.81667944807720,164.81667944807700,
743,768,West and Central Africa,Cameroon,Access to justice,1773023,371809,-376.8639274466190,476.86392744661900,
745,771,West and Central Africa,Central African Republic,Sustainable reintegration,15111984,7954634,-89.97711271191110,189.97711271191100,
746,772,West and Central Africa,Central African Republic,Womens' empowerment,8811461,5878047,-49.90456864329260,149.90456864329300,
747,773,West and Central Africa,Central African Republic,Local integration,17359526,3648734,-375.76847202344700,475.76847202344700,
748,774,West and Central Africa,Central African Republic,Basic needs,12562238,3078925,-308.0072752665300,408.00727526653000,
749,775,West and Central Africa,Central African Republic,Operational support and supply chain,2899327,2481204,-16.85161719874710,116.85161719874700,
750,776,West and Central Africa,Central African Republic,Gender-based violence,4291740,2147740,-99.82586346578260,199.82586346578300,
751,777,West and Central Africa,Central African Republic,Economic inclusion,6289412,641808,-879.952259865879,979.952259865879,
752,778,West and Central Africa,Central African Republic,Sustainable housing,2660036,575959,-361.8446799164520,461.8446799164520,
753,779,West and Central Africa,Central African Republic,Education,1676445,551209,-204.13962761856200,304.13962761856200,
754,780,West and Central Africa,Central African Republic,"Access to territory, registration and documentation",2842840,542078,-424.4337530761260,524.4337530761260,
755,781,West and Central Africa,Central African Republic,Healthy lives,1163895,422752,-175.31389561728900,275.3138956172890,
756,782,West and Central Africa,Central African Republic,Protection policy,1974832,183806,-974.4110638390480,1074.4110638390500,
757,783,West and Central Africa,Central African Republic,Status determination,726390,182264,-298.53728657332200,398.53728657332200,
758,784,West and Central Africa,Central African Republic,"Clean water, sanitation and hygiene",784288,131567,-496.1130070610410,596.1130070610410,
759,785,West and Central Africa,Central African Republic,Access to justice,221556,47368,-367.73349096436400,467.73349096436400,
760,787,West and Central Africa,Central African Republic,Resettlement,224029,4315,-5091.865585168020,5191.865585168020,
762,789,West and Central Africa,Chad,Systems and processes,20411204,11744442,-73.7945830036029,173.7945830036030,
763,790,West and Central Africa,Chad,"Access to territory, registration and documentation",24089626,10684487,-125.4635716249180,225.4635716249180,
764,791,West and Central Africa,Chad,Healthy lives,23249814,9571224,-142.91369630467300,242.91369630467300,
765,792,West and Central Africa,Chad,Education,15838632,9569057,-65.51925649518020,165.51925649518000,
766,793,West and Central Africa,Chad,"Clean water, sanitation and hygiene",20896117,9138025,-128.67213648463400,228.67213648463400,
767,794,West and Central Africa,Chad,Economic inclusion,15418400,7202447,-114.07168980209100,214.07168980209100,
768,795,West and Central Africa,Chad,Sustainable reintegration,9982125,7122655,-40.14612528614680,140.1461252861470,
769,796,West and Central Africa,Chad,Resettlement,4739936,3381133,-40.187800953112500,140.1878009531130,
770,797,West and Central Africa,Chad,Local integration,2893452,2626393,-10.168280223104500,110.16828022310400,
771,798,West and Central Africa,Chad,Status determination,5301538,2301935,-130.30789314207400,230.30789314207400,
772,799,West and Central Africa,Chad,Protection policy,3761810,1932013,-94.7093523697822,194.7093523697820,
773,800,West and Central Africa,Chad,Gender-based violence,2635094,1690567,-55.870426904109700,155.87042690411000,
774,801,West and Central Africa,Chad,Child protection,5442966,1661872,-227.52017002512800,327.52017002512800,
775,802,West and Central Africa,Chad,Access to justice,3455939,1652579,-109.12398136488500,209.12398136488500,
776,803,West and Central Africa,Chad,Womens' empowerment,1589440,789338,-101.36367437016800,201.3636743701680,
777,804,West and Central Africa,Chad,Basic needs,646808,489716,-32.07818409037080,132.07818409037100,
779,807,West and Central Africa,Cote D'Ivoire,Education,12815959,10790381,-18.772071162269400,118.77207116226900,
780,808,West and Central Africa,Cote D'Ivoire,Economic inclusion,2339463,1648619,-41.90440605136780,141.90440605136800,
781,809,West and Central Africa,Cote D'Ivoire,Sustainable reintegration,2275448,1257383,-80.96697664911960,180.96697664912000,
782,810,West and Central Africa,Cote D'Ivoire,Resettlement,1452855,1136638,-27.820379047682700,127.82037904768300,
783,811,West and Central Africa,Cote D'Ivoire,Local integration,1675486,1066856,-57.0489363138043,157.0489363138040,
784,812,West and Central Africa,Cote D'Ivoire,Status determination,900888,795713,-13.2177053786981,113.21770537869800,
785,813,West and Central Africa,Cote D'Ivoire,Protection policy,634935,439809,-44.36607709255610,144.36607709255600,
786,814,West and Central Africa,Cote D'Ivoire,Gender-based violence,351311,245726,-42.968591032288000,142.968591032288,
787,815,West and Central Africa,Cote D'Ivoire,Access to justice,271685,197483,-37.57386711767600,137.57386711767600,
788,816,West and Central Africa,Cote D'Ivoire,Basic needs,276999,172872,-60.233583229210100,160.23358322921000,
790,818,West and Central Africa,Mali,Resource mobilization,5903403,3617727,-63.179891683369100,163.17989168336900,
791,819,West and Central Africa,Mali,"Access to territory, registration and documentation",7586346,2943627,-157.72103598723600,257.7210359872360,
792,820,West and Central Africa,Mali,Healthy lives,2416690,2299016,-5.118450676289330,105.11845067628900,
793,821,West and Central Africa,Mali,Education,3081601,1798091,-71.3818154920969,171.3818154920970,
794,822,West and Central Africa,Mali,"Clean water, sanitation and hygiene",8269419,1699376,-386.61502810443400,486.61502810443400,
795,823,West and Central Africa,Mali,Economic inclusion,5545313,1586373,-249.5592146361540,349.5592146361540,
796,824,West and Central Africa,Mali,Sustainable reintegration,6221861,1492841,-316.7798847968400,416.7798847968400,
797,825,West and Central Africa,Mali,Resettlement,9527937,1171740,-713.1442982231550,813.1442982231550,
798,826,West and Central Africa,Mali,Local integration,3779729,1021696,-269.94653987096000,369.94653987096000,
799,827,West and Central Africa,Mali,Status determination,2301219,937786,-145.38850014822100,245.38850014822100,
800,828,West and Central Africa,Mali,Protection policy,2418079,929964,-160.01855985823100,260.0185598582310,
801,829,West and Central Africa,Mali,Gender-based violence,2818414,861397,-227.19106288970100,327.1910628897010,
802,830,West and Central Africa,Mali,Child protection,1470513,810423,-81.45005756253220,181.45005756253200,
803,831,West and Central Africa,Mali,Access to justice,2119556,666015,-218.2444839830940,318.24448398309300,
804,832,West and Central Africa,Mali,Womens' empowerment,1926929,391977,-391.59236383767400,491.5923638376740,
805,833,West and Central Africa,Mali,Basic needs,829841,167816,-394.49456547647400,494.49456547647400,
806,834,West and Central Africa,Mali,Sustainable housing,192659,120770,-59.525544423283900,159.52554442328400,
808,836,West and Central Africa,Niger,Operational support and supply chain,10228970,33296677,69.27930676085180,30.72069323914820,
809,837,West and Central Africa,Niger,"Access to territory, registration and documentation",22548592,9385422,-140.25123217688000,240.25123217688000,
810,838,West and Central Africa,Niger,Gender-based violence,7772316,9128203,14.853821721537100,85.14617827846290,
811,839,West and Central Africa,Niger,Resource mobilization,7634945,5949344,-28.332552294841200,128.33255229484100,
812,840,West and Central Africa,Niger,Systems and processes,8371767,5233690,-59.95916838788690,159.95916838788700,
813,841,West and Central Africa,Niger,Basic needs,7717815,4700314,-64.19785997275930,164.19785997275900,
814,842,West and Central Africa,Niger,Sustainable housing,14276617,3900212,-266.04720461349300,366.04720461349300,
815,843,West and Central Africa,Niger,Womens' empowerment,3563971,3329806,-7.032391676872470,107.03239167687200,
816,844,West and Central Africa,Niger,Economic inclusion,7194202,3305368,-117.65207383867700,217.65207383867700,
817,845,West and Central Africa,Niger,"Clean water, sanitation and hygiene",6997925,3284050,-113.08825992296100,213.08825992296100,
818,846,West and Central Africa,Niger,Healthy lives,10127149,2711984,-273.42215145812100,373.42215145812100,
819,847,West and Central Africa,Niger,Education,6747748,2562714,-163.30476206084600,263.30476206084600,
820,848,West and Central Africa,Niger,Child protection,6534802,2457200,-165.94505941722300,265.94505941722300,
821,849,West and Central Africa,Niger,Status determination,2912814,1532542,-90.06422009967750,190.06422009967800,
822,850,West and Central Africa,Niger,Local integration,3482558,1001780,-247.63700612909000,347.63700612909000,
823,851,West and Central Africa,Niger,Protection policy,1017226,582545,-74.61758319099810,174.61758319099800,
824,852,West and Central Africa,Niger,Access to justice,1546759,506956,-205.1071493384040,305.1071493384040,
825,853,West and Central Africa,Niger,Resettlement,766107,36869,-1977.9164067373700,2077.9164067373700,
826,854,West and Central Africa,Niger,Sustainable reintegration,1253298,34806,-3500.810205137050,3600.810205137050,
828,857,West and Central Africa,Nigeria,Basic needs,23864455,13881106,-71.92041469894400,171.920414698944,
829,858,West and Central Africa,Nigeria,Womens' empowerment,8205919,6075597,-35.063583052003000,135.06358305200300,
830,859,West and Central Africa,Nigeria,Access to justice,11851585,5035774,-135.3478333221470,235.34783332214700,
831,860,West and Central Africa,Nigeria,Sustainable housing,11513660,4394239,-162.01715473373200,262.017154733732,
832,861,West and Central Africa,Nigeria,Status determination,5542327,4350359,-27.399301988640500,127.39930198864000,
833,862,West and Central Africa,Nigeria,Economic inclusion,10684662,4290917,-149.00649441599500,249.00649441599500,
834,863,West and Central Africa,Nigeria,"Access to territory, registration and documentation",7243348,2958880,-144.80032985454000,244.80032985454000,
835,864,West and Central Africa,Nigeria,Healthy lives,2989562,2057949,-45.26900326490110,145.26900326490100,
836,865,West and Central Africa,Nigeria,Gender-based violence,3671646,1667449,-120.19540027910900,220.19540027910900,
837,866,West and Central Africa,Nigeria,"Clean water, sanitation and hygiene",4003921,1657610,-141.54783091318200,241.54783091318200,
838,867,West and Central Africa,Nigeria,Education,2547790,1035228,-146.10906969286000,246.10906969286000,
839,868,West and Central Africa,Nigeria,Child protection,1702703,894083,-90.44126775702030,190.44126775702000,
840,869,West and Central Africa,Nigeria,Protection policy,1690940,852692,-98.30607065622760,198.30607065622800,
841,870,West and Central Africa,Nigeria,Sustainable reintegration,1089861,600758,-81.41431325092630,181.41431325092600,
842,871,West and Central Africa,Nigeria,Resettlement,1636997,250994,-552.205630413476,652.205630413476,